<?xml version="1.0" encoding="UTF-8" standalone="yes"?>
<addon id="repository.autobot" name="Autobot Repository" version="1.0.0" provider-name="Autobot">
    <extension point="xbmc.addon.repository" name="Autobot Repository">
        <dir minversion="18.9.701" maxversion="19.5">
            <info compressed="false">https://raw.githubusercontent.com/iaconmatrox/bot.github.io/master/matrix/zips/addons.xml</info>
            <checksum>https://raw.githubusercontent.com/umbrellaplug/iaconmatrox/bot.github.io/master/matrix/zips/addons.xml.md5</checksum>
            <datadir zip="true">https://raw.githubusercontent.com/iaconmatrox/bot.github.io/master/matrix/zips/</datadir>
        </dir>
	    <dir minversion="19.8.0">
            <info compressed="false">https://raw.githubusercontent.com/iaconmatrox/bot.github.io/master/nexus/zips/addons.xml</info>
            <checksum>https://raw.githubusercontent.com/umbrellaplug/iaconmatrox/bot.github.io/master/nexus/zips/addons.xml.md5</checksum>
            <datadir zip="true">https://raw.githubusercontent.com/iaconmatrox/bot.github.io/master/nexus/zips/</datadir>
        </dir>
    </extension>
    <extension point="xbmc.addon.metadata">
        <summary>Autobot Repository</summary>
        <description>Repository for the Autobot video plugin.</description>
        <disclaimer></disclaimer>
        <platform>all</platform>
        <assets>
            <icon>icon.png</icon>
            <fanart>fanart.jpg</fanart>
        </assets>
    </extension>
</addon>